{
  "version": "1.0",
  "defaultProvider": "cdnjs",
  "libraries": [
    {
      "provider": "unpkg",
      "library": "primevue@3.9.1",
      "destination": "wwwroot/lib/primevue/"
    },
    {
      "library": "vue@3.2.24",
      "destination": "wwwroot/lib/vue/",
      "files": [
        "vue.global.prod.js"
      ]
    },
    {
      "library": "vee-validate@4.5.7",
      "destination": "wwwroot/lib/vee-validate/"
    },
    {
      "library": "axios@0.24.0",
      "destination": "wwwroot/lib/axios/"
    },
    {
      "provider": "unpkg",
      "library": "primeicons@5.0.0",
      "destination": "wwwroot/primeicons/",
      "files": [
        "fonts/primeicons.eot",
        "fonts/primeicons.svg",
        "fonts/primeicons.ttf",
        "fonts/primeicons.woff",
        "CHANGELOG.md",
        "LICENSE",
        "package.json",
        "primeicons.css",
        "README.md"
      ]
    },
    {
      "library": "animate.css@4.1.1",
      "destination": "wwwroot/lib/animate.css/"
    },
    {
      "provider": "unpkg",
      "library": "js-cookie@3.0.1",
      "destination": "wwwroot/lib/js-cookie/"
    },
    {
      "provider": "jsdelivr",
      "library": "fireworks-js@1.3.5",
      "destination": "wwwroot/fireworks-js/",
      "files": [
        "LICENSE",
        "package.json",
        "README.md",
        "dist/fireworks.min.js",
        "dist/fireworks.js"
      ]
    }
  ]
}