{
  "version": "1.0",
  "defaultProvider": "cdnjs",
  "libraries": [
    {
      "library": "bootstrap@5.0.1",
      "destination": "wwwroot/lib/bootstrap/",
      "files": [
        "js/bootstrap.bundle.js",
        "css/bootstrap-grid.css",
        "css/bootstrap-grid.css.map",
        "css/bootstrap-grid.min.css",
        "css/bootstrap-grid.min.css.map",
        "css/bootstrap-grid.rtl.css",
        "css/bootstrap-grid.rtl.css.map",
        "css/bootstrap-grid.rtl.min.css",
        "css/bootstrap-grid.rtl.min.css.map",
        "css/bootstrap-reboot.css",
        "css/bootstrap-reboot.css.map",
        "css/bootstrap-reboot.min.css",
        "css/bootstrap-reboot.min.css.map",
        "css/bootstrap-reboot.rtl.css",
        "css/bootstrap-reboot.rtl.css.map",
        "css/bootstrap-reboot.rtl.min.css",
        "css/bootstrap-reboot.rtl.min.css.map",
        "css/bootstrap-utilities.css",
        "css/bootstrap-utilities.css.map",
        "css/bootstrap-utilities.min.css",
        "css/bootstrap-utilities.min.css.map",
        "css/bootstrap-utilities.rtl.css",
        "css/bootstrap-utilities.rtl.css.map",
        "css/bootstrap-utilities.rtl.min.css",
        "css/bootstrap-utilities.rtl.min.css.map",
        "css/bootstrap.css",
        "css/bootstrap.css.map",
        "css/bootstrap.min.css",
        "css/bootstrap.min.css.map",
        "css/bootstrap.rtl.css",
        "css/bootstrap.rtl.css.map",
        "css/bootstrap.rtl.min.css",
        "css/bootstrap.rtl.min.css.map",
        "js/bootstrap.bundle.js.map",
        "js/bootstrap.bundle.min.js",
        "js/bootstrap.bundle.min.js.map",
        "js/bootstrap.esm.js",
        "js/bootstrap.esm.js.map",
        "js/bootstrap.esm.min.js",
        "js/bootstrap.esm.min.js.map",
        "js/bootstrap.js",
        "js/bootstrap.js.map",
        "js/bootstrap.min.js",
        "js/bootstrap.min.js.map"
      ]
    },
    {
      "library": "vue@3.2.20",
      "destination": "wwwroot/lib/vue/"
    },
    {
      "library": "axios@0.24.0",
      "destination": "wwwroot/lib/axios/"
    },
    {
      "provider": "unpkg",
      "library": "mitt@3.0.0",
      "destination": "wwwroot/lib/mitt/"
    },
    {
      "library": "vee-validate@4.5.3",
      "destination": "wwwroot/lib/vee-validate/"
    },
    {
      "provider": "jsdelivr",
      "library": "@vee-validate/i18n@4.5.3",
      "destination": "wwwroot/lib/vee-validate/i18n/"
    },
    {
      "provider": "jsdelivr",
      "library": "@vee-validate/rules@4.5.3",
      "destination": "wwwroot/lib/vee-validate/rules/"
    },
    {
      "library": "bootstrap-icons@1.7.0",
      "destination": "wwwroot/lib/bootstrap-icons/",
      "files": [
        "font/fonts/bootstrap-icons.woff",
        "font/fonts/bootstrap-icons.woff2",
        "font/bootstrap-icons.css",
        "font/bootstrap-icons.json",
        "font/bootstrap-icons.min.css",
        "bootstrap-icons.svg"
      ]
    },
    {
      "library": "jquery@3.6.0",
      "destination": "wwwroot/lib/jquery/"
    },
    {
      "library": "feather-icons@4.28.0",
      "destination": "wwwroot/lib/feather-icons/"
    },
    {
      "library": "jQuery-slimScroll@1.3.8",
      "destination": "wwwroot/lib/jQuery-slimScroll/"
    },
    {
      "provider": "unpkg",
      "library": "primevue@3.9.1",
      "destination": "wwwroot/lib/primevue/",
      "files": [
        "accordion/accordion.js",
        "accordion/accordion.min.js",
        "accordiontab/accordiontab.js",
        "accordiontab/accordiontab.min.js",
        "api/api.js",
        "api/api.min.js",
        "autocomplete/autocomplete.js",
        "autocomplete/autocomplete.min.js",
        "avatar/avatar.js",
        "avatar/avatar.min.js",
        "avatargroup/avatargroup.js",
        "avatargroup/avatargroup.min.js",
        "badge/badge.js",
        "badge/badge.min.js",
        "badgedirective/badgedirective.js",
        "badgedirective/badgedirective.min.js",
        "blockui/blockui.js",
        "blockui/blockui.min.js",
        "breadcrumb/breadcrumb.js",
        "breadcrumb/breadcrumb.min.js",
        "button/button.js",
        "button/button.min.js",
        "calendar/calendar.js",
        "calendar/calendar.min.js",
        "card/card.js",
        "card/card.min.js",
        "carousel/carousel.js",
        "carousel/carousel.min.js",
        "cascadeselect/cascadeselect.js",
        "cascadeselect/cascadeselect.min.js",
        "chart/chart.js",
        "chart/chart.min.js",
        "checkbox/checkbox.js",
        "checkbox/checkbox.min.js",
        "chip/chip.js",
        "chip/chip.min.js",
        "chips/chips.js",
        "chips/chips.min.js",
        "colorpicker/colorpicker.js",
        "colorpicker/colorpicker.min.js",
        "column/column.min.js",
        "column/column.js",
        "columngroup/columngroup.js",
        "columngroup/columngroup.min.js",
        "config/config.js",
        "config/config.min.js",
        "confirmationeventbus/confirmationeventbus.js",
        "confirmationeventbus/confirmationeventbus.min.js",
        "confirmationservice/confirmationservice.js",
        "confirmationservice/confirmationservice.min.js",
        "confirmdialog/confirmdialog.js",
        "confirmdialog/confirmdialog.min.js",
        "confirmpopup/confirmpopup.js",
        "confirmpopup/confirmpopup.min.js",
        "contextmenu/contextmenu.js",
        "contextmenu/contextmenu.min.js",
        "core/core.js",
        "core/core.min.js",
        "datatable/datatable.js",
        "datatable/datatable.min.js",
        "dataview/dataview.js",
        "dataview/dataview.min.js",
        "dataviewlayoutoptions/dataviewlayoutoptions.js",
        "dataviewlayoutoptions/dataviewlayoutoptions.min.js",
        "deferredcontent/deferredcontent.js",
        "deferredcontent/deferredcontent.min.js",
        "dialog/dialog.js",
        "dialog/dialog.min.js",
        "divider/divider.js",
        "divider/divider.min.js",
        "dock/dock.js",
        "dock/dock.min.js",
        "dropdown/dropdown.js",
        "dropdown/dropdown.min.js",
        "editor/editor.js",
        "editor/editor.min.js",
        "fieldset/fieldset.js",
        "fieldset/fieldset.min.js",
        "fileupload/fileupload.js",
        "fileupload/fileupload.min.js",
        "fullcalendar/fullcalendar.js",
        "fullcalendar/fullcalendar.min.js",
        "galleria/galleria.js",
        "galleria/galleria.min.js",
        "image/image.js",
        "image/image.min.js",
        "inlinemessage/inlinemessage.js",
        "inlinemessage/inlinemessage.min.js",
        "inplace/inplace.js",
        "inplace/inplace.min.js",
        "inputmask/inputmask.js",
        "inputmask/inputmask.min.js",
        "inputnumber/inputnumber.js",
        "inputnumber/inputnumber.min.js",
        "inputswitch/inputswitch.js",
        "inputswitch/inputswitch.min.js",
        "inputtext/inputtext.js",
        "inputtext/inputtext.min.js",
        "knob/knob.js",
        "knob/knob.min.js",
        "listbox/listbox.js",
        "listbox/listbox.min.js",
        "megamenu/megamenu.js",
        "megamenu/megamenu.min.js",
        "menu/menu.js",
        "menu/menu.min.js",
        "menubar/menubar.js",
        "menubar/menubar.min.js",
        "message/message.js",
        "message/message.min.js",
        "multiselect/multiselect.js",
        "multiselect/multiselect.min.js",
        "orderlist/orderlist.js",
        "orderlist/orderlist.min.js",
        "organizationchart/organizationchart.js",
        "organizationchart/organizationchart.min.js",
        "overlayeventbus/overlayeventbus.js",
        "overlayeventbus/overlayeventbus.min.js",
        "overlaypanel/overlaypanel.js",
        "overlaypanel/overlaypanel.min.js",
        "paginator/paginator.js",
        "panel/panel.js",
        "paginator/paginator.min.js",
        "panel/panel.min.js",
        "panelmenu/panelmenu.js",
        "panelmenu/panelmenu.min.js",
        "password/password.js",
        "password/password.min.js",
        "picklist/picklist.js",
        "picklist/picklist.min.js",
        "progressbar/progressbar.js",
        "progressbar/progressbar.min.js",
        "progressspinner/progressspinner.js",
        "progressspinner/progressspinner.min.js",
        "radiobutton/radiobutton.js",
        "radiobutton/radiobutton.min.js",
        "rating/rating.js",
        "rating/rating.min.js",
        "virtualscroller/virtualscroller.min.js",
        "virtualscroller/virtualscroller.js",
        "utils/utils.min.js",
        "utils/utils.js",
        "usetoast/usetoast.min.js",
        "usetoast/usetoast.js",
        "useconfirm/useconfirm.min.js",
        "useconfirm/useconfirm.js",
        "tristatecheckbox/tristatecheckbox.min.js",
        "tristatecheckbox/tristatecheckbox.js",
        "treetable/treetable.min.js",
        "treetable/treetable.js",
        "treeselect/treeselect.min.js",
        "treeselect/treeselect.js",
        "tree/tree.min.js",
        "tree/tree.js",
        "tooltip/tooltip.min.js",
        "tooltip/tooltip.js",
        "toolbar/toolbar.min.js",
        "toolbar/toolbar.js",
        "togglebutton/togglebutton.min.js",
        "togglebutton/togglebutton.js",
        "toastservice/toastservice.min.js",
        "toastservice/toastservice.js",
        "toasteventbus/toasteventbus.min.js",
        "toasteventbus/toasteventbus.js",
        "toast/toast.min.js",
        "toast/toast.js",
        "timeline/timeline.min.js",
        "timeline/timeline.js",
        "tieredmenu/tieredmenu.min.js",
        "tieredmenu/tieredmenu.js",
        "textarea/textarea.min.js",
        "textarea/textarea.js",
        "terminalservice/terminalservice.min.js",
        "terminalservice/terminalservice.js",
        "terminal/terminal.min.js",
        "terminal/terminal.js",
        "tag/tag.min.js",
        "tag/tag.js",
        "tabview/tabview.min.js",
        "tabview/tabview.js",
        "tabpanel/tabpanel.min.js",
        "tabpanel/tabpanel.js",
        "tabmenu/tabmenu.min.js",
        "tabmenu/tabmenu.js",
        "styleclass/styleclass.min.js",
        "styleclass/styleclass.js",
        "steps/steps.min.js",
        "steps/steps.js",
        "splitterpanel/splitterpanel.min.js",
        "splitterpanel/splitterpanel.js",
        "splitter/splitter.min.js",
        "splitter/splitter.js",
        "splitbutton/splitbutton.min.js",
        "splitbutton/splitbutton.js",
        "speeddial/speeddial.min.js",
        "speeddial/speeddial.js",
        "slider/slider.min.js",
        "slider/slider.js",
        "skeleton/skeleton.min.js",
        "skeleton/skeleton.js",
        "sidebar/sidebar.min.js",
        "sidebar/sidebar.js",
        "selectbutton/selectbutton.min.js",
        "selectbutton/selectbutton.js",
        "scrolltop/scrolltop.min.js",
        "scrolltop/scrolltop.js",
        "scrollpanel/scrollpanel.min.js",
        "scrollpanel/scrollpanel.js",
        "row/row.min.js",
        "row/row.js",
        "ripple/ripple.min.js",
        "ripple/ripple.js",
        "resources/primevue.min.css",
        "resources/primevue.css",
        "resources/themes/arya-green/theme.css",
        "resources/themes/arya-blue/theme.css",
        "resources/themes/lara-light-blue/theme.css",
        "resources/themes/lara-light-blue/fonts/Inter-SemiBold.woff2",
        "resources/themes/lara-light-blue/fonts/Inter-SemiBold.woff",
        "resources/themes/lara-light-blue/fonts/Inter-Regular.woff2",
        "resources/themes/lara-light-blue/fonts/Inter-Regular.woff",
        "resources/themes/lara-light-blue/fonts/Inter-Medium.woff2",
        "resources/themes/lara-light-blue/fonts/Inter-Medium.woff",
        "resources/themes/lara-light-blue/fonts/Inter-Light.woff2",
        "resources/themes/lara-light-blue/fonts/Inter-Light.woff",
        "resources/themes/lara-light-blue/fonts/Inter-Bold.woff2",
        "resources/themes/lara-light-blue/fonts/Inter-Bold.woff",
        "resources/themes/vela-green/theme.css",
        "resources/themes/vela-blue/theme.css",
        "resources/themes/saga-blue/theme.css",
        "resources/themes/saga-green/theme.css",
        "resources/themes/bootstrap4-light-blue/theme.css",
        "resources/images/hue.png",
        "resources/images/color.png"
      ]
    },
    {
      "provider": "unpkg",
      "library": "primeicons@5.0.0",
      "destination": "wwwroot/lib/primeicons/",
      "files": [
        "fonts/primeicons.eot",
        "fonts/primeicons.svg",
        "fonts/primeicons.ttf",
        "fonts/primeicons.woff",
        "primeicons.css"
      ]
    }
  ]
}