{
  "version": "1.0",
  "defaultProvider": "cdnjs",
  "libraries": [
    {
      "provider": "unpkg",
      "library": "primevue@3.9.1",
      "destination": "wwwroot/lib/primevue/"
    },
    {
      "library": "vue@3.2.24",
      "destination": "wwwroot/lib/vue/",
      "files": [
        "vue.global.prod.js"
      ]
    },
    {
      "provider": "unpkg",
      "library": "primeflex@3.1.0",
      "destination": "wwwroot/lib/primeflex/"
    },
    {
      "provider": "unpkg",
      "library": "primeicons@5.0.0",
      "destination": "wwwroot/lib/primeicons/"
    }
  ]
}