{
  "version": "1.0",
  "defaultProvider": "cdnjs",
  "libraries": [
    {
      "library": "vue@3.2.24",
      "destination": "wwwroot/lib/vue/",
      "files": [
        "vue.esm-bundler.js",
        "vue.cjs.js",
        "vue.esm-browser.js",
        "vue.global.js",
        "vue.runtime.esm-browser.js",
        "vue.runtime.esm-bundler.js",
        "vue.runtime.global.js"
      ]
    },
    {
      "provider": "unpkg",
      "library": "primevue@3.9.1",
      "destination": "wwwroot/lib/primevue/"
    }
  ]
}