{
  "version": "1.0",
  "defaultProvider": "cdnjs",
  "libraries": [
    {
      "provider": "unpkg",
      "library": "primevue@3.9.1",
      "destination": "wwwroot/lib/primevue/"
    },
    {
      "library": "vue@3.2.24",
      "destination": "wwwroot/lib/vue/",
      "files": [
        "vue.global.prod.js"
      ]
    },
    {
      "library": "vee-validate@4.5.7",
      "destination": "wwwroot/lib/vee-validate/"
    },
    {
      "library": "axios@0.24.0",
      "destination": "wwwroot/lib/axios/"
    },
    {
      "provider": "unpkg",
      "library": "primeicons@5.0.0",
      "destination": "wwwroot/primeicons/",
      "files": [
        "fonts/primeicons.eot",
        "fonts/primeicons.svg",
        "fonts/primeicons.ttf",
        "fonts/primeicons.woff",
        "CHANGELOG.md",
        "LICENSE",
        "package.json",
        "primeicons.css",
        "README.md"
      ]
    }
  ]
}